"","trials"
"1","concrete"
"2","abstract"
"3","concrete"
"4","concrete"
"5","abstract"
"6","concrete"
"7","concrete"
"8","abstract"
"9","abstract"
"10","concrete"
"11","abstract"
"12","abstract"
"13","concrete"
"14","abstract"
"15","abstract"
"16","abstract"
"17","concrete"
"18","abstract"
"19","abstract"
"20","concrete"
"21","concrete"
"22","abstract"
"23","abstract"
"24","concrete"
"25","concrete"
"26","concrete"
"27","abstract"
"28","concrete"
"29","concrete"
"30","abstract"
